{
  "parametros": {
    "P0": 60.0,
    "mu": 0.2,
    "sigma": 0.4,
    "T": 2.0
  },
  "analitico": {
    "mu_ln": 4.334344562222101,
    "sigma_ln": 0.5656854249492381,
    "media": 89.50948185847622,
    "std": 54.96842538477817,
    "IC_lower": 25.169212030123823,
    "IC_upper": 231.15017827857648
  },
  "montecarlo": {
    "n_simulaciones": 100000,
    "media": 89.5752559273009,
    "std": 54.94885004433664,
    "IC_lower": 25.12919273071172,
    "IC_upper": 231.2966437949749
  },
  "errores": {
    "error_media_absoluto": 0.0657740688246804,
    "error_media_relativo": 0.07348279473751845,
    "error_std_absoluto": 0.019575340441534195,
    "error_std_relativo": 0.035611972335949406
  }
}